{  "type":"histogram",  "labels": ["log_GSS", "Frequencies"],  "names": ["p-log_GSS", "g-log_GSS"],  "x": [-4.59168, "-4.47165", "-4.35162", "-4.2316", "-4.11157", "-3.99154", "-3.87151", "-3.75149", "-3.63146", "-3.51143", "-3.3914", "-3.27138", "-3.15135", "-3.03132", "-2.91129", "-2.79127", "-2.67124", "-2.55121", "-2.43118", "-2.31116", "-2.19113", "-2.0711", "-1.95107", "-1.83105", "-1.71102", "-1.59099", "-1.47096", "-1.35093", "-1.23091", "-1.11088"],  "y": [[0, "0", "0", "0.301746", "0", "0.100748", "0", "0.0289277", "0.214464", "0.082793", "0.00299252", "0.0583541", "0.0453865", "0.0723192", "0.0239401", "0.00997506", "0.0224439", "0.0074813", "0.0109726", "0.0074813", "0.00448878", "0.00149626", "0", "0", "0.00149626", "0.00149626", "0.000498753", "0", "0.000498753", "0"] , [0, "0", "0", "0.0307372", "0", "0.0205253", "0", "0.00884012", "0.0873851", "0.0454707", "0.00213382", "0.0510593", "0.0551745", "0.11797", "0.0487731", "0.0301783", "0.0768176", "0.0374943", "0.068638", "0.0621856", "0.0478586", "0.0231672", "0", "0", "0.0472489", "0.0621857", "0.0280953", "0", "0.0480618", "0"] ] }
