{  "type":"histogram",  "labels": ["KC", "Frequencies"],  "names": ["p-KC", "g-KC"],  "x": [0.558497, "2.58584", "4.61318", "6.64052", "8.66786", "10.6952", "12.7225", "14.7499", "16.7772", "18.8046", "20.8319", "22.8593", "24.8866", "26.9139", "28.9413", "30.9686", "32.996", "35.0233", "37.0506", "39.078", "41.1053", "43.1327", "45.16", "47.1873", "49.2147", "51.242", "53.2694", "55.2967", "57.3241", "59.3514"],  "y": [[0, "0", "0", "0.000498753", "0", "0", "0", "0", "0.000498753", "0", "0.00548628", "0.0119701", "0", "0.0164589", "0.0314214", "0.0523691", "0", "0.0862843", "0.135661", "0", "0.165586", "0.18005", "0.149127", "0", "0.0987531", "0.0503741", "0.0119701", "0", "0.00349127", "0"] , [0, "0", "0", "0.0480618", "0", "0", "0", "0", "0.00182899", "0", "0.0152924", "0.0585277", "0", "0.0990703", "0.104608", "0.0950059", "0", "0.103694", "0.123914", "0", "0.111467", "0.0935325", "0.0690952", "0", "0.0469949", "0.0212366", "0.00640147", "0", "0.00127013", "0"] ] }