{  "type":"histogram",  "labels": ["S", "Frequencies"],  "names": ["p-S", "g-S"],  "x": [-0.1, "-0.0596667", "-0.0193333", "0.021", "0.0613333", "0.101667", "0.142", "0.182333", "0.222667", "0.263", "0.303333", "0.343667", "0.384", "0.424333", "0.464667", "0.505", "0.545333", "0.585667", "0.626", "0.666333", "0.706667", "0.747", "0.787333", "0.827667", "0.868", "0.908333", "0.948667", "0.989", "1.02933", "1.06967"],  "y": [[0, "0", "0", "0.000498753", "0", "0", "0", "0.00149626", "0", "0.00548628", "0", "0.00997506", "0", "0.0169576", "0", "0.0239401", "0.0508728", "0", "0.0618454", "0.0862843", "0.0897756", "0.12419", "0.113716", "0.108229", "0.0947631", "0.122195", "0.0528678", "0.0349127", "0.00199501", "0"] , [0, "0", "0", "0.0480618", "0", "0", "0", "0.00508053", "0", "0.0137682", "0", "0.00782401", "0", "0.0374943", "0", "0.0173246", "0.0638622", "0", "0.0991211", "0.10537", "0.0386628", "0.084286", "0.0686379", "0.090535", "0.0563939", "0.147081", "0.0493319", "0.0668089", "0.000355637", "0"] ] }