{  "type":"scatter",  "labels": ["KC", "log_GSS", "S"],  "x": [41.8872, 39.0947, 30.7173, 33.5098, 44.6797, 27.9248, 36.3023, 36.3023, 41.8872, 33.5098, 36.3023, 47.4722, 41.8872, 33.5098, 30.7173, 44.6797, 47.4722, 50.2647, 44.6797, 27.9248, 25.1323, 27.9248, 53.0571, 41.8872, 36.3023, 27.9248, 50.2647, 39.0947, 44.6797, 39.0947, 41.8872, 30.7173, 47.4722, 47.4722, 36.3023, 50.2647, 36.3023, 27.9248, 44.6797, 50.2647, 47.4722, 50.2647, 36.3023, 41.8872, 36.3023, 30.7173, 44.6797, 50.2647, 39.0947, 36.3023, 22.3398, 33.5098, 33.5098, 39.0947, 36.3023, 39.0947, 22.3398, 41.8872, 44.6797, 36.3023, 30.7173, 41.8872, 36.3023, 41.8872, 39.0947, 25.1323, 19.5474, 33.5098, 36.3023, 41.8872, 30.7173, 36.3023, 22.3398, 33.5098, 27.9248, 30.7173, 39.0947, 27.9248, 25.1323, 33.5098, 39.0947, 25.1323, 39.0947, 27.9248, 44.6797, 39.0947, 33.5098, 44.6797, 39.0947, 33.5098, 47.4722, 47.4722, 53.0571, 50.2647, 39.0947, 41.8872, 30.7173, 25.1323, 30.7173, 47.4722, 36.3023, 55.8496, 22.3398, 36.3023, 39.0947, 36.3023, 27.9248, 50.2647, 33.5098, 39.0947, 44.6797, 25.1323, 19.5474, 27.9248, 30.7173, 25.1323, 30.7173, 36.3023, 30.7173, 53.0571, 53.0571, 19.5474, 22.3398, 27.9248, 44.6797, 33.5098, 33.5098, 27.9248, 30.7173, 33.5098, 27.9248, 33.5098, 19.5474, 19.5474, 36.3023, 33.5098, 33.5098, 47.4722, 36.3023, 44.6797, 30.7173, 22.3398, 25.1323, 39.0947, 33.5098, 36.3023, 30.7173, 55.8496, 30.7173, 41.8872, 30.7173, 33.5098, 33.5098, 33.5098, 55.8496, 44.6797, 30.7173, 25.1323, 22.3398, 30.7173, 50.2647, 50.2647, 41.8872, 33.5098, 27.9248, 36.3023, 27.9248, 41.8872, 27.9248, 33.5098, 25.1323, 25.1323, 44.6797, 36.3023, 41.8872, 53.0571, 22.3398, 30.7173, 39.0947, 41.8872, 36.3023, 30.7173, 22.3398, 36.3023, 33.5098, 22.3398, 5.58496, 30.7173, 47.4722, 30.7173, 36.3023, 39.0947, 36.3023, 25.1323, 30.7173, 41.8872, 22.3398, 50.2647, 27.9248, 30.7173, 41.8872, 33.5098, 27.9248, 33.5098, 22.3398, 19.5474, 33.5098, 33.5098, 33.5098, 27.9248, 22.3398, 39.0947, 44.6797, 33.5098, 25.1323, 30.7173, 25.1323, 19.5474, 16.7549, 27.9248, 27.9248, 27.9248, 33.5098, 53.0571, 39.0947, 25.1323, 19.5474, 55.8496, 41.8872, 36.3023, 25.1323, 41.8872, 27.9248, 22.3398, 27.9248, 44.6797, 47.4722, 33.5098, 25.1323, 39.0947],  "y": [-3.99306, -2.61285, -3.69203, -3.08997, -3.51594, -2.24487, -3.08997, -3.69203, -3.08997, -4.29409, -3.99306, -3.69203, -4.29409, -2.5459, -3.21491, -3.99306, -4.29409, -3.99306, -4.29409, -3.03882, -2.72589, -3.69203, -4.29409, -3.69203, -4.29409, -4.29409, -4.29409, -3.69203, -3.69203, -3.99306, -2.78894, -2.5459, -3.391, -3.81697, -3.21491, -3.69203, -3.51594, -3.99306, -3.08997, -3.391, -2.99306, -3.59512, -2.78894, -3.44899, -3.59512, -2.41328, -3.29409, -3.51594, -4.29409, -3.44899, -1.68343, -3.69203, -2.78894, -2.78894, -2.99306, -3.59512, -3.08997, -3.81697, -3.59512, -2.75002, -3.99306, -3.21491, -3.391, -3.59512, -3.21491, -1.68343, -4.29409, -3.99306, -2.80273, -2.48791, -4.29409, -2.81697, -3.03882, -3.21491, -3.51594, -2.99306, -3.81697, -3.29409, -4.29409, -3.391, -3.33985, -3.59512, -2.99306, -2.84693, -3.21491, -2.72589, -2.84693, -3.391, -3.08997, -3.59512, -3.99306, -3.08997, -2.48791, -3.08997, -3.391, -3.391, -2.72589, -2.97187, -3.59512, -3.51594, -2.97187, -3.99306, -4.29409, -2.5459, -3.51594, -3.2527, -2.391, -2.78894, -3.03882, -3.44899, -3.81697, -3.69203, -3.59512, -2.28977, -3.03882, -2.41328, -3.08997, -3.81697, -2.48791, -3.391, -3.99306, -2.76261, -3.69203, -3.391, -3.33985, -2.48791, -3.14796, -2.76261, -2.11225, -2.73779, -3.59512, -2.97187, -3.69203, -3.03882, -3.29409, -3.01534, -2.61285, -2.78894, -2.61285, -3.14796, -2.31182, -3.81697, -3.99306, -2.48791, -2.99306, -2.72589, -3.51594, -4.29409, -2.58652, -3.33985, -3.29409, -2.391, -2.80273, -2.87912, -3.69203, -3.118, -2.28977, -2.50876, -1.80273, -2.78894, -2.99306, -3.21491, -3.14796, -2.75002, -3.01534, -3.118, -1.55137, -2.61285, -2.78894, -3.29409, -3.03882, -2.391, -2.78894, -3.01534, -3.51594, -3.69203, -2.41328, -3.01534, -3.2527, -2.99306, -3.14796, -3.391, -3.59512, -2.50876, -3.2527, -3.99306, -1.3182, -3.33985, -3.59512, -2.391, -2.31182, -2.80273, -2.28977, -3.51594, -2.97187, -3.118, -2.76261, -3.81697, -2.11225, -2.24487, -3.29409, -2.50876, -3.08997, -2.28977, -2.48791, -2.48791, -3.118, -2.31182, -2.81697, -2.48791, -3.51594, -2.5459, -2.99306, -3.51594, -2.58652, -3.14796, -1.80273, -2.11225, -2.73779, -2.72589, -1.80273, -2.99306, -3.81697, -3.08997, -3.29409, -2.84693, -3.99306, -3.391, -2.97187, -2.87912, -2.80273, -3.2527, -2.58652, -2.58652, -2.73779, -2.61285, -3.29409, -3.33985, -2.24487, -3.14796],  "color": [0.770526, 0.904299, 0.532834, 0.688543, 0.818116, 0.543564, 0.668206, 0.683535, 0.783117, 0.632477, 0.773916, 0.811219, 0.75874, 0.543564, 0.761764, 0.813985, 0.810512, 0.852446, 0.788192, 0.679255, 0.842658, 0.514278, 0.856409, 0.763667, 0.649086, 0.675533, 0.83534, 0.722577, 0.784061, 0.74463, 0.839385, 0.918296, 0.840332, 0.817494, 0.724453, 0.802124, 0.773876, 0.701258, 0.816021, 0.809607, 0.847426, 0.896038, 0.835377, 0.809607, 0.711966, 0.612548, 0.88035, 0.799704, 0.734153, 0.776556, 0.599314, 0.619846, 0.757526, 0.807254, 0.746783, 0.769276, 0.33729, 0.77442, 0.828929, 0.808112, 0.737167, 0.787691, 0.754665, 0.760172, 0.774521, 0.794007, 0.560373, 0.723471, 0.780452, 0.870864, 0.635647, 0.842658, 0.271734, 0.69751, 0.33729, 0.692499, 0.751401, 0.66006, 0.653166, 0.754988, 0.752185, 0.984284, 0.766451, 0.650022, 0.865461, 0.870864, 0.650022, 0.818218, 0.753293, 0.632212, 0.85261, 0.805497, 0.811278, 0.83454, 0.814741, 0.783705, 0.650022, 0.413817, 0.713096, 0.834973, 0.650022, 0.918296, 0.444655, 0.784159, 0.811267, 0.768524, 0.677421, 0.856761, 0.747676, 0.842658, 0.840134, 0.688955, 0.988699, 0.599314, 0.650022, 0.546304, 0.61133, 0.701426, 0.810335, 0.842658, 0.856761, 0.249882, 0.33729, 0.599314, 0.738285, 0.650022, 0.852286, 0.413817, 0.650022, 0.543564, 0.870864, 0.650022, 0.811278, 0.146094, 0.743069, 0.689052, 0.74634, 0.830026, 0.738285, 0.776556, 0.776556, 0.870864, 0.946477, 0.73459, 0.80066, 0.870864, 0.413817, 0.902485, 0.817477, 0.779298, 0.682678, 0.811278, 0.811278, 0.896038, 0.811278, 0.896038, 0.624668, 0.968461, 0.599314, 0.650022, 0.776556, 0.842658, 0.918296, 0.647763, 0.482066, 0.703774, 0.870864, 0.760443, 0.811278, 0.786313, 0.249882, 0.677421, 0.811046, 0.896038, 0.797992, 0.849121, 0.413817, 0.482066, 0.857145, 0.820385, 0.696616, 0.707214, 0.979869, 0.650022, 0.599314, 1, 0, 0.543564, 0.860404, 0.811278, 0.776556, 0.846951, 0.979869, 0.604077, 0.413817, 0.896038, 0.249882, 0.774782, 0.650022, 0.543564, 0.937734, 0.650022, 0.516751, 0.814945, 0.249882, 0.146094, 0.811278, 0.937734, 0.842658, 0.599314, 0.599314, 0.650022, 0.650022, 0.896038, 0.543564, 0.811278, 0.870864, 0.413817, 0.33729, 0.842658, 0.870864, 0.610175, 0.776556, 0.842658, 0.696212, 0.650022, 0.971566, 0.856761, 0.650022, 0.842658, 0.482066, 0.776556, 0.543564, 0.543564, 0.543564, 0.937734, 0.918296, 0.543564, 0.954434, 0.937734]  }